Adrian;Kowalski
Katarzyna;Nowak
Michał;Jankowski
Anna;Wójcik
Piotr;Szymański
Magdalena;Kaczmarek
Łukasz;Adamczyk
Natalia;Pawlak
Krzysztof;Wojciechowski
Ewa;Nowicka
Marek;Kowalczyk
Joanna;Górska
Mateusz;Dąbrowski
Dorota;Zając
Andrzej;Kubiak
Monika;Szewczyk
Jakub;Kowal
Agnieszka;Tomczak
Rafał;Nowakowski
Kinga;Kowalewska
Bartosz;Kowalik
Marta;Majewska
Damian;Wiśniewski
Sylwia;Piotrowska
Paweł;Kaczmarczyk
Karolina;Zielińska
Adrian;Nowacki
Aleksandra;Grabowska
Łukasz;Baran
Patrycja;Głowacka
Marcin;Jóźwiak
Monika;Kowalik
Tomasz;Pawlik
Izabela;Włodarczyk
Artur;Słowik
Justyna;Król
Grzegorz;Zalewski
Oliwia;Kozłowska
Radosław;Krajewski
Agata;Sikora
Kamil;Michalski
Dominika;Kwiatkowska
